timestamp,open_price,close_price,high_price,low_price,volume
10/30/2021,17.49,20.49,39.49,0,71634.86
4/6/2020,730.01,721.01,780.01,713.01,98892.0
5/31/2020,973.82,965.82,1027.82,904.82,130380.0
6/27/2020,915.54,917.54,930.54,871.54,230572.0
8/1/2021,478.54,483.54,501.54,477.54,26808.0
4/26/2021,642.94,652.94,654.94,612.94,53844.0
2/18/2021,431.02,435.02,486.02,391.02,247000.0
2/7/2021,633.14,636.14,677.14,603.14,159766.0
4/11/2020,396.8,402.8,438.8,313.8,500250.0
11/25/2020,118.67,124.67,149.67,23.67,178668.0
2/3/2021,678.94,676.94,729.94,673.94,96096.0
6/21/2020,783.67,787.67,824.67,761.67,227682.0
6/25/2020,497.73,487.73,526.73,469.73,211242.0
1/1/2020,682.11,687.11,698.11,588.11,155540.0
2/28/2020,111.71,103.71,161.71,64.71,433590.0
7/31/2020,17.26,18.26,42.26,0,125512.2
10/13/2021,327.56,337.56,369.56,260.56,229554.0
6/3/2020,841.08,846.08,886.08,770.08,334080.0
7/16/2021,248.71,242.71,268.71,182.71,410478.0
8/4/2020,306.73,309.73,333.73,290.73,176171.0
3/5/2020,815.62,811.62,913.62,731.62,437346.0
1/11/2020,412.38,414.38,485.38,411.38,308802.0
12/17/2020,7.28,5.28,93.28,0,181336.32
8/23/2021,342.14,342.14,431.14,335.14,265344.0
1/14/2020,972.96,967.96,1069.96,874.96,635310.0
5/25/2021,51.5,60.5,96.5,47.5,143766.0
10/7/2020,565.61,570.61,644.61,504.61,216720.0
11/23/2021,996.38,990.38,1043.38,986.38,151620.0
10/7/2021,858.63,856.63,887.63,788.63,425205.0
8/25/2021,580.82,584.82,583.82,547.82,77904.0
3/20/2020,806.83,810.83,836.83,755.83,389934.0
1/2/2020,420.83,415.83,507.83,414.83,260121.0
5/29/2021,481.14,485.14,502.14,393.14,501836.0
9/24/2021,306.68,305.68,384.68,280.68,492440.0
12/12/2020,986.96,996.96,1067.96,952.96,400775.0
3/29/2021,470.95,477.95,542.95,440.95,262650.0
1/17/2020,885.87,887.87,924.87,802.87,208986.0
10/1/2020,601.76,593.76,672.76,544.76,253824.0
3/6/2021,386.0,396.0,471.0,338.0,396606.0
11/6/2020,948.7,954.7,993.7,851.7,319784.0
3/2/2021,693.67,688.67,742.67,639.67,367195.0
4/12/2021,637.49,644.49,685.49,550.49,176175.0
1/12/2021,516.39,516.39,599.39,437.39,410184.0
4/30/2021,204.78,203.78,218.78,198.78,66680.0
4/7/2020,699.88,705.88,743.88,684.88,124844.0
7/2/2020,481.95,473.95,484.95,397.95,97875.0
10/1/2021,669.04,670.04,721.04,575.04,560640.0
12/25/2020,31.48,40.48,75.48,0,244404.24
7/24/2021,775.25,767.25,776.25,759.25,61659.0
2/26/2021,599.41,596.41,630.41,560.41,94640.0
5/27/2021,223.6,222.6,246.6,132.6,131784.0
10/25/2021,614.84,620.84,617.84,585.84,110176.0
11/27/2020,183.13,184.13,271.13,99.13,245272.0
2/6/2020,31.78,34.78,41.78,24.78,67388.0
11/2/2021,289.91,281.91,314.91,260.91,205038.0
2/24/2021,560.69,554.69,578.69,515.69,188244.0
4/5/2020,119.42,121.42,140.42,56.42,87612.0
7/8/2020,34.92,28.92,60.92,0,271459.52
2/26/2021,147.34,141.34,151.34,122.34,29754.0
10/7/2020,992.9,997.9,1081.9,906.9,232400.0
11/14/2020,376.38,379.38,408.38,316.38,420716.0
7/17/2021,700.1,704.1,703.1,621.1,261088.0
12/17/2020,865.13,875.13,952.13,813.13,203079.0
12/3/2021,433.54,435.54,437.54,354.54,393586.0
1/5/2020,341.27,344.27,359.27,303.27,261912.0
6/15/2021,112.96,107.96,165.96,40.96,583000.0
12/17/2021,439.81,429.81,443.81,409.81,80410.0
4/14/2021,978.33,988.33,1033.33,951.33,82902.0
3/11/2021,550.41,555.41,583.41,450.41,283290.0
10/8/2021,520.02,528.02,616.02,500.02,243600.0
2/26/2020,884.37,894.37,915.37,792.37,333084.0
8/6/2021,132.01,133.01,204.01,85.01,491351.0
10/1/2021,779.44,775.44,850.44,694.44,480168.0
1/20/2021,673.14,667.14,738.14,627.14,448107.0
4/23/2020,786.7,782.7,821.7,703.7,191986.0
5/28/2020,588.76,589.76,589.76,568.76,75894.0
4/11/2021,917.03,915.03,991.03,823.03,319032.0
2/28/2021,304.77,298.77,380.77,282.77,327124.0
5/22/2020,98.63,95.63,173.63,4.63,317213.0
8/15/2021,81.96,77.96,143.96,41.96,432480.0
2/6/2020,530.76,524.76,569.76,505.76,93696.0
7/7/2021,680.03,685.03,695.03,581.03,305292.0
2/1/2020,903.96,896.96,919.96,881.96,119092.0
5/6/2020,995.04,999.04,1080.04,950.04,525460.0
1/18/2020,983.79,988.79,1078.79,893.79,686535.0
7/16/2021,869.03,872.03,938.03,833.03,122850.0
5/4/2020,881.37,889.37,893.37,872.37,58485.0
2/23/2021,337.42,347.42,413.42,278.42,471960.0
3/18/2021,116.33,126.33,129.33,20.33,521456.0
6/22/2020,115.01,107.01,156.01,78.01,246636.0
4/17/2021,176.12,178.12,213.12,124.12,195622.0
12/28/2020,377.9,371.9,459.9,343.9,267844.0
5/17/2021,392.08,384.08,474.08,300.08,566022.0
2/25/2020,888.05,888.05,928.05,799.05,130290.0
1/23/2021,347.42,356.42,436.42,303.42,402192.0
4/25/2021,244.63,235.63,259.63,191.63,70788.0
5/8/2020,895.32,902.32,956.32,875.32,294435.0
8/8/2020,973.49,971.49,1014.49,890.49,431768.0
6/1/2020,255.68,256.68,275.68,199.68,230584.0
6/9/2020,22.85,27.85,52.85,0,249134.9
10/7/2020,179.87,172.87,220.87,115.87,470610.0
2/5/2020,551.68,550.68,584.68,457.68,440690.0
7/1/2020,32.75,23.75,57.75,26.75,101029.0
5/5/2020,760.27,766.27,800.27,704.27,372384.0
7/10/2020,243.72,244.72,254.72,233.72,61614.0
11/17/2021,150.73,140.73,235.73,121.73,202008.0
5/29/2021,824.54,833.54,835.54,806.54,93525.0
6/1/2020,317.49,318.49,389.49,261.49,261760.0
12/16/2020,153.19,147.19,191.19,151.19,103240.0
9/1/2021,505.23,514.23,519.23,454.23,166855.0
6/13/2020,173.43,167.43,214.43,156.43,75516.0
3/30/2020,424.81,415.81,452.81,331.81,155364.0
12/11/2020,98.1,89.1,130.1,75.1,247995.0
11/18/2021,740.65,748.65,824.65,713.65,472971.0
6/8/2020,582.87,588.87,585.87,564.87,71043.0
7/4/2020,141.45,135.45,207.45,97.45,463320.0
8/1/2021,682.94,677.94,710.94,616.94,130096.0
12/4/2021,946.87,946.87,1032.87,863.87,379912.0
11/15/2021,999.1,996.1,1028.1,970.1,242730.0
1/22/2021,771.1,775.1,848.1,698.1,729750.0
3/1/2020,118.14,121.14,131.14,23.14,227448.0
6/17/2021,870.46,870.46,925.46,778.46,616518.0
4/2/2020,726.52,729.52,809.52,634.52,520450.0
2/18/2021,665.24,660.24,751.24,565.24,787896.0
8/2/2021,907.11,898.11,926.11,845.11,393093.0
7/19/2021,434.73,438.73,488.73,409.73,200186.0
5/15/2021,800.29,799.29,832.29,729.29,509438.0
7/14/2021,606.88,601.88,691.88,565.88,616392.0
6/18/2020,287.11,281.11,333.11,225.11,231984.0
6/25/2020,171.29,170.29,221.29,86.29,292410.0
2/16/2020,59.53,69.53,147.53,0,581415.73
7/26/2021,648.58,644.58,677.58,588.58,202564.0
4/13/2020,130.71,122.71,192.71,59.71,531867.0
4/25/2021,463.92,459.92,512.92,460.92,126880.0
9/18/2021,584.8,594.8,620.8,572.8,192672.0
12/8/2020,757.81,747.81,812.81,751.81,102724.0
10/2/2021,440.41,440.41,463.41,410.41,102502.0
4/5/2021,801.6,809.6,896.6,744.6,269952.0
11/11/2021,831.88,827.88,844.88,801.88,207389.0
6/8/2020,612.16,614.16,654.16,519.16,301320.0
7/23/2020,820.99,814.99,835.99,771.99,126208.0
1/26/2020,547.28,557.28,559.28,491.28,247792.0
4/24/2021,460.3,451.3,513.3,395.3,406156.0
9/2/2021,643.65,651.65,696.65,615.65,150012.0
7/6/2021,126.61,120.61,166.61,116.61,54150.0
1/16/2020,296.37,298.37,315.37,208.37,495731.0
10/19/2020,542.25,548.25,570.25,515.25,180070.0
4/9/2021,576.49,578.49,627.49,508.49,421736.0
11/11/2020,536.74,543.74,565.74,493.74,243792.0
6/17/2021,691.9,694.9,753.9,607.9,520198.0
6/3/2021,520.65,526.65,607.65,490.65,293553.0
2/19/2020,940.81,947.81,1000.81,844.81,641784.0
6/13/2020,159.45,160.45,179.45,83.45,162048.0
4/5/2021,531.29,529.29,581.29,495.29,411682.0
2/4/2020,564.7,568.7,648.7,501.7,599025.0
10/21/2020,575.96,566.96,670.96,490.96,357120.0
5/24/2020,17.52,17.52,60.52,9.52,201501.0
4/7/2021,984.71,992.71,1072.71,923.71,551896.0
7/24/2020,951.08,946.08,997.08,903.08,358610.0
8/8/2020,398.99,399.99,464.99,299.99,189915.0
10/9/2021,359.87,369.87,440.87,297.87,392249.0
3/28/2020,66.41,75.41,75.41,35.41,152200.0
10/31/2020,80.12,80.12,125.12,69.12,203224.0
3/27/2020,129.73,128.73,182.73,110.73,246384.0
1/10/2020,541.12,543.12,555.12,480.12,223950.0
10/12/2021,637.17,640.17,708.17,590.17,541030.0
1/10/2020,259.22,249.22,331.22,183.22,353424.0
7/23/2021,508.75,508.75,510.75,438.75,327672.0
5/24/2020,186.39,194.39,224.39,129.39,466355.0
2/13/2020,840.87,838.87,913.87,778.87,160920.0
12/23/2021,734.89,734.89,744.89,711.89,83292.0
2/12/2021,212.67,218.67,232.67,140.67,202400.0
6/21/2021,744.43,743.43,753.43,724.43,31552.0
4/17/2021,827.38,824.38,901.38,803.38,421792.0
11/10/2020,617.81,611.81,627.81,541.81,203390.0
4/5/2021,764.03,771.03,816.03,688.03,144640.0
3/21/2020,491.28,497.28,577.28,443.28,387260.0
7/5/2020,465.5,472.5,555.5,433.5,318664.0
12/21/2020,404.88,397.88,462.88,382.88,303200.0
11/20/2021,111.58,108.58,123.58,100.58,68471.0
8/29/2020,306.19,305.19,356.19,275.19,295164.0
5/7/2021,643.65,652.65,708.65,577.65,161261.0
6/24/2021,367.98,374.98,420.98,298.98,600850.0
2/12/2021,470.6,479.6,537.6,377.6,697920.0
11/9/2021,455.76,453.76,509.76,396.76,119328.0
3/13/2020,35.96,41.96,129.96,25.96,369616.0
8/25/2020,726.13,720.13,737.13,651.13,409274.0
10/19/2020,834.19,829.19,883.19,759.19,594952.0
7/21/2021,111.66,108.66,137.66,46.66,349531.0
9/14/2021,561.48,559.48,584.48,472.48,236096.0
7/23/2021,544.01,535.01,639.01,510.01,422088.0
3/21/2020,73.35,65.35,160.35,12.35,688644.0
8/29/2020,218.98,225.98,259.98,191.98,271184.0
1/3/2020,649.57,651.57,678.57,595.57,276971.0
1/18/2021,371.52,373.52,441.52,295.52,251266.0
8/19/2020,923.87,932.87,982.87,831.87,267572.0
7/11/2021,4.82,-2.18,54.82,0,213962.46
2/11/2021,99.16,102.16,191.16,12.16,474887.0
2/1/2020,252.59,250.59,339.59,186.59,536877.0
8/30/2020,703.17,693.17,770.17,652.17,118236.0
1/3/2020,793.93,799.93,808.93,761.93,148238.0
10/4/2021,255.13,253.13,280.13,229.13,79152.0
11/11/2020,346.45,345.45,363.45,254.45,233042.0
8/30/2020,754.2,754.2,835.2,728.2,326885.0
1/14/2020,867.88,866.88,947.88,778.88,599274.0
6/22/2020,359.9,350.9,393.9,260.9,277970.0
9/16/2021,550.71,554.71,567.71,455.71,523152.0
8/19/2021,407.72,416.72,483.72,310.72,500316.0
2/18/2021,645.2,638.2,677.2,567.2,366630.0
3/2/2020,591.07,593.07,619.07,577.07,109662.0
4/14/2020,645.48,638.48,737.48,623.48,428640.0
12/16/2021,2.88,10.88,9.88,0,11490.44
8/22/2021,16.68,17.68,48.68,0,191604.48
11/12/2020,952.44,947.44,966.44,942.44,106824.0
6/12/2021,804.96,795.96,827.96,769.96,87232.0
1/16/2021,256.3,253.3,299.3,208.3,209118.0
10/2/2020,384.5,385.5,465.5,343.5,422608.0
7/7/2021,187.27,190.27,227.27,104.27,338127.0
7/4/2020,538.99,540.99,547.99,466.99,179577.0
7/29/2021,513.01,521.01,583.01,473.01,242550.0
11/29/2021,783.16,789.16,845.16,744.16,416726.0
12/17/2021,934.77,939.77,936.77,895.77,158506.0
2/23/2020,766.92,763.92,820.92,748.92,316440.0
8/29/2021,473.43,471.43,536.43,468.43,288592.0
6/16/2020,274.62,266.62,327.62,211.62,133400.0
9/3/2020,567.8,557.8,584.8,502.8,279128.0
5/8/2020,752.84,758.84,847.84,657.84,401280.0
1/23/2020,141.28,147.28,153.28,55.28,284396.0
6/16/2021,185.51,178.51,269.51,174.51,220590.0
8/16/2021,358.36,360.36,396.36,354.36,83664.0
12/21/2021,897.37,894.37,937.37,877.37,149640.0
12/9/2021,423.26,423.26,448.26,413.26,127820.0
5/29/2021,935.81,944.81,954.81,855.81,441738.0
2/2/2020,281.34,289.34,327.34,261.34,141306.0
8/20/2021,761.46,770.46,851.46,681.46,509830.0
4/12/2020,170.88,174.88,230.88,158.88,149616.0
4/21/2021,7.16,8.16,72.16,0,225500.0
3/10/2021,44.64,46.64,64.64,0,259335.68
3/12/2020,664.97,663.97,715.97,584.97,592382.0
11/14/2020,299.5,300.5,345.5,206.5,149842.0
6/20/2021,132.27,141.27,209.27,93.27,395908.0
6/9/2020,372.21,377.21,417.21,284.21,225169.0
3/20/2021,628.95,630.95,686.95,571.95,373750.0
2/15/2020,111.19,114.19,165.19,63.19,242658.0
1/20/2020,569.48,561.48,643.48,516.48,434467.0
6/18/2021,245.77,238.77,341.77,224.77,488358.0
8/25/2021,305.92,307.92,369.92,233.92,559096.0
4/30/2020,788.3,780.3,871.3,688.3,202398.0
5/19/2021,621.39,628.39,634.39,582.39,136552.0
11/14/2020,294.0,284.0,368.0,292.0,177080.0
11/25/2021,43.28,40.28,92.28,0,437314.92
4/20/2020,524.24,524.24,570.24,496.24,87616.0
4/6/2020,215.19,217.19,278.19,189.19,299129.0
5/12/2020,622.52,616.52,665.52,611.52,73170.0
12/15/2020,311.85,313.85,324.85,260.85,227648.0
3/20/2020,13.82,14.82,85.82,0,404126.38
4/16/2020,759.84,766.84,795.84,690.84,308175.0
4/11/2020,691.29,684.29,742.29,684.29,163154.0
8/17/2021,306.92,297.92,380.92,298.92,400242.0
2/22/2020,456.42,464.42,537.42,407.42,586820.0
4/24/2021,867.78,875.78,934.78,835.78,273438.0
9/17/2020,630.28,635.28,706.28,618.28,246488.0
8/13/2021,582.93,580.93,630.93,568.93,301444.0
11/18/2021,943.48,948.48,1023.48,897.48,388458.0
3/1/2021,135.68,141.68,211.68,120.68,294840.0
9/27/2021,592.41,585.41,644.41,581.41,201411.0
6/14/2020,938.4,936.4,963.4,916.4,103165.0
10/24/2020,606.49,607.49,679.49,540.49,555027.0
9/30/2021,528.55,525.55,579.55,502.55,239162.0
4/8/2020,266.03,273.03,286.03,249.03,39035.0
1/21/2021,706.82,715.82,752.82,648.82,343096.0
9/24/2020,128.14,124.14,215.14,34.14,501551.0
8/3/2021,477.68,471.68,546.68,401.68,308125.0
6/26/2021,740.63,742.63,778.63,707.63,102311.0
7/10/2020,360.85,370.85,402.85,271.85,172396.0
4/2/2020,62.87,56.87,153.87,45.87,220320.0
7/3/2021,729.8,721.8,810.8,633.8,280899.0
6/19/2020,643.43,651.43,671.43,592.43,260779.0
8/25/2021,779.75,789.75,786.75,738.75,195168.0
10/25/2020,489.67,496.67,507.67,476.67,144429.0
5/24/2021,44.76,44.76,136.76,30.76,343864.0
2/27/2021,89.91,97.91,179.91,86.91,151497.0
8/22/2021,576.61,577.61,651.61,485.61,764264.0
12/1/2021,183.22,177.22,234.22,174.22,152220.0
7/26/2020,277.92,275.92,333.92,191.92,494728.0
5/26/2021,666.75,669.75,722.75,572.75,586950.0
8/8/2021,273.74,265.74,288.74,249.74,79209.0
3/26/2020,941.6,933.6,1023.6,905.6,253582.0
1/16/2021,432.07,423.07,494.07,333.07,202377.0
11/21/2021,74.08,69.08,159.08,23.08,320416.0
3/16/2021,120.19,111.19,214.19,65.19,284739.0
2/10/2021,219.92,214.92,286.92,211.92,132825.0
2/6/2021,885.42,892.42,900.42,865.42,80955.0
3/24/2021,109.19,109.19,197.19,41.19,588432.0
1/12/2020,649.76,658.76,736.76,571.76,449460.0
5/16/2021,60.28,68.28,120.28,3.28,484965.0
3/22/2021,51.29,44.29,78.29,17.29,74664.0
9/26/2020,669.63,671.63,761.63,607.63,766766.0
12/4/2020,466.25,457.25,503.25,453.25,209700.0
8/11/2020,231.53,241.53,246.53,185.53,165615.0
5/5/2021,787.25,795.25,843.25,709.25,346524.0
1/16/2020,326.88,323.88,369.88,318.88,210120.0
2/27/2021,405.12,408.12,504.12,326.12,427556.0
12/20/2021,732.1,730.1,741.1,668.1,291489.0
6/8/2020,215.6,221.6,315.6,197.6,448754.0
4/4/2020,73.56,80.56,132.56,0,462634.4
5/17/2021,245.6,235.6,281.6,172.6,142027.0
9/28/2021,296.75,292.75,338.75,213.75,459750.0
7/18/2021,919.99,924.99,971.99,826.99,392225.0
3/19/2020,657.38,653.38,737.38,617.38,439920.0
3/26/2020,140.67,144.67,184.67,45.67,206137.0
10/19/2020,186.4,176.4,211.4,142.4,172845.0
1/5/2020,680.59,686.59,727.59,637.59,95130.0
8/19/2021,699.8,691.8,714.8,636.8,269178.0
10/20/2020,460.81,461.81,502.81,432.81,72310.0
8/28/2021,66.4,62.4,80.4,1.4,199396.0
5/13/2021,427.15,429.15,509.15,336.15,757221.0
1/30/2020,108.06,107.06,131.06,27.06,269776.0
8/29/2020,752.41,750.41,807.41,729.41,254904.0
11/23/2020,421.55,425.55,443.55,338.55,108885.0
2/3/2020,253.84,249.84,282.84,163.84,433874.0
3/19/2021,861.42,853.42,874.42,768.42,239030.0
8/21/2021,904.22,899.22,1004.22,855.22,654855.0
7/25/2020,154.27,151.27,212.27,105.27,111066.0
7/18/2021,946.7,943.7,994.7,859.7,595485.0
6/30/2020,166.01,161.01,175.01,115.01,129840.0
6/24/2020,94.93,91.93,105.93,82.93,43401.0
10/31/2020,60.18,66.18,115.18,4.18,208902.0
11/4/2020,626.44,619.44,637.44,604.44,143781.0
11/12/2021,233.41,235.41,328.41,212.41,189776.0
3/6/2021,919.87,926.87,1005.87,918.87,369054.0
12/7/2021,691.57,689.57,707.57,647.57,179460.0
6/20/2020,49.5,44.5,101.5,2.5,332145.0
9/26/2020,17.95,24.95,117.95,0,140006.65
11/18/2020,64.3,66.3,135.3,50.3,299030.0
7/5/2020,469.9,470.9,564.9,451.9,260352.0
8/3/2021,684.91,693.91,710.91,645.91,275925.0
8/30/2020,326.02,335.02,350.02,266.02,348264.0
2/29/2020,441.34,432.34,523.34,410.34,219220.0
5/18/2020,127.49,121.49,215.49,28.49,274142.0
2/19/2020,972.37,965.37,1072.37,939.37,420413.0
6/15/2021,669.41,677.41,696.41,592.41,359944.0
6/26/2021,433.42,440.42,462.42,412.42,186350.0
6/18/2021,598.11,593.11,617.11,596.11,98490.0
11/4/2020,195.77,204.77,213.77,145.77,71400.0
7/28/2020,964.19,956.19,1059.19,933.19,401184.0
12/20/2020,79.5,80.5,113.5,76.5,64676.0
5/5/2020,299.62,304.62,326.62,261.62,319085.0
7/9/2021,360.17,354.17,446.17,326.17,386400.0
4/2/2020,149.92,152.92,204.92,91.92,178201.0
10/29/2020,6.38,-1.62,41.38,0,90704.96
3/10/2020,474.72,483.72,480.72,422.72,110780.0
1/31/2021,21.69,16.69,89.69,19.69,185990.0
2/11/2020,49.4,57.4,54.4,34.4,96540.0
9/22/2021,697.54,695.54,731.54,603.54,212096.0
6/10/2020,114.53,105.53,212.53,51.53,403627.0
12/1/2021,693.25,692.25,792.25,673.25,168623.0
10/12/2020,924.43,931.43,971.43,874.43,151902.0
4/7/2021,457.99,448.99,464.99,414.99,86600.0
8/15/2021,194.39,185.39,238.39,184.39,212166.0
5/4/2020,338.03,344.03,365.03,287.03,350844.0
10/26/2021,603.86,609.86,609.86,512.86,444357.0
12/12/2021,891.06,899.06,987.06,881.06,223978.0
12/3/2021,501.58,493.58,535.58,412.58,499872.0
4/10/2021,501.48,511.48,506.48,450.48,112728.0
9/24/2021,433.07,431.07,487.07,403.07,340452.0
12/30/2021,965.01,962.01,1019.01,891.01,536832.0
10/15/2021,619.59,626.59,710.59,579.59,447889.0
6/3/2021,335.97,333.97,396.97,334.97,275776.0
11/9/2020,723.73,719.73,740.73,683.73,130359.0
3/24/2021,553.73,545.73,565.73,552.73,29705.0
6/28/2021,746.29,754.29,794.29,723.29,85271.0
9/25/2020,760.91,758.91,848.91,691.91,636949.0
4/7/2021,625.34,623.34,696.34,581.34,527275.0
5/5/2021,560.4,564.4,625.4,494.4,455618.0
5/2/2020,252.83,259.83,315.83,245.83,169960.0
1/19/2021,856.7,861.7,941.7,821.7,483120.0
12/30/2020,745.42,748.42,766.42,739.42,62289.0
9/18/2020,567.54,562.54,568.54,555.54,61971.0
10/7/2021,689.95,693.95,756.95,675.95,267057.0
8/16/2021,807.96,817.96,901.96,749.96,522272.0
3/27/2020,18.54,12.54,88.54,0,104300.12
3/6/2020,146.25,138.25,148.25,107.25,104755.0
10/14/2020,363.43,359.43,449.43,362.43,206625.0
11/24/2020,908.72,899.72,921.72,825.72,336288.0
5/28/2020,895.64,900.64,947.64,864.64,361548.0
11/1/2020,294.08,294.08,381.08,248.08,157206.0
4/25/2020,109.53,104.53,161.53,64.53,405751.0
5/8/2020,670.47,680.47,688.47,596.47,300104.0
9/4/2020,276.35,272.35,316.35,225.35,423241.0
2/13/2020,827.33,833.33,924.33,819.33,449820.0
2/26/2020,183.23,189.23,245.23,135.23,244750.0
12/12/2021,129.48,130.48,208.48,49.48,163134.0
10/22/2020,593.69,583.69,669.69,553.69,561440.0
9/22/2021,693.86,701.86,779.86,686.86,110298.0
11/26/2021,667.43,667.43,681.43,661.43,90380.0
3/21/2021,192.34,200.34,221.34,99.34,498004.0
6/30/2021,892.89,886.89,967.89,856.89,177156.0
9/25/2021,552.6,542.6,627.6,454.6,698574.0
11/3/2020,517.82,520.82,520.82,465.82,167915.0
12/27/2021,938.67,941.67,978.67,861.67,295191.0
8/3/2021,925.18,920.18,966.18,872.18,143726.0
5/14/2020,507.71,503.71,529.71,450.71,312682.0
6/26/2020,534.35,531.35,567.35,443.35,275032.0
5/27/2021,378.41,375.41,392.41,328.41,221824.0
1/19/2021,952.78,942.78,958.78,942.78,18016.0
7/28/2021,722.68,730.68,751.68,648.68,425699.0
2/25/2020,965.8,969.8,1029.8,894.8,169290.0
10/21/2020,40.22,37.22,93.22,0,329625.92
4/18/2020,134.92,139.92,231.92,80.92,664702.0
4/11/2021,494.27,492.27,533.27,414.27,126021.0
8/1/2020,557.99,555.99,606.99,488.99,579144.0
1/14/2020,395.86,404.86,406.86,295.86,230658.0
3/7/2020,616.19,620.19,673.19,593.19,291920.0
8/2/2021,527.43,535.43,623.43,479.43,371664.0
10/15/2020,23.5,27.5,27.5,18.5,40500.0
4/8/2021,601.45,607.45,623.45,564.45,264497.0
4/7/2021,452.89,462.89,521.89,380.89,331068.0
10/30/2020,163.69,155.69,170.69,100.69,272580.0
12/23/2021,191.35,190.35,255.35,111.35,279648.0
2/20/2021,358.9,366.9,413.9,313.9,344100.0
4/29/2020,46.6,56.6,115.6,0.6,506575.0
7/6/2020,692.94,702.94,707.94,646.94,96746.0
8/22/2021,630.69,635.69,717.69,559.69,766774.0
11/16/2020,54.09,57.09,116.09,24.09,264592.0
8/13/2021,178.39,169.39,264.39,162.39,314058.0
6/9/2020,260.74,265.74,272.74,238.74,89352.0
12/30/2021,103.85,107.85,147.85,36.85,184371.0
12/18/2021,267.19,270.19,331.19,177.19,264726.0
3/21/2021,981.35,975.35,1079.35,901.35,359382.0
10/18/2021,594.75,602.75,632.75,517.75,312455.0
8/26/2021,611.9,608.9,614.9,520.9,110826.0
10/29/2021,82.42,90.42,105.42,0,442869.42
11/5/2021,437.37,442.37,464.37,358.37,316728.0
11/26/2020,603.07,596.07,640.07,577.07,311661.0
4/10/2020,227.56,219.56,256.56,205.56,97614.0
5/23/2021,713.5,723.5,725.5,654.5,163726.0
8/9/2021,973.31,979.31,1035.31,949.31,382958.0
5/11/2020,277.27,270.27,342.27,191.27,582860.0
10/15/2021,268.11,263.11,339.11,189.11,377250.0
4/1/2021,476.98,478.98,487.98,474.98,15340.0
1/19/2020,459.12,468.12,559.12,386.12,545988.0
8/10/2020,285.07,288.07,358.07,249.07,434583.0
10/10/2020,181.82,176.82,271.82,110.82,800814.0
5/25/2020,277.02,270.02,283.02,270.02,22126.0
11/20/2020,560.84,550.84,660.84,512.84,404336.0
8/4/2020,351.74,342.74,432.74,264.74,510048.0
3/5/2020,585.13,595.13,621.13,574.13,83848.0
2/10/2020,939.02,940.02,981.02,858.02,525210.0
10/4/2020,675.17,666.17,736.17,586.17,597150.0
8/22/2020,486.79,476.79,531.79,467.79,233280.0
11/30/2021,465.48,466.48,526.48,452.48,221556.0
12/11/2021,796.4,788.4,877.4,795.4,179662.0
5/29/2020,841.85,849.85,861.85,768.85,183489.0
12/31/2020,825.17,825.17,877.17,793.17,105084.0
5/25/2020,297.39,293.39,318.39,209.39,419541.0
10/1/2020,447.97,451.97,491.97,409.97,187206.0
7/20/2020,65.87,57.87,133.87,15.87,242254.0
1/25/2020,416.16,426.16,442.16,408.16,68714.0
7/22/2021,780.34,789.34,845.34,774.34,86833.0
9/26/2020,955.7,961.7,1032.7,883.7,334654.0
4/20/2020,62.13,64.13,78.13,6.13,105120.0
7/15/2021,612.14,607.14,709.14,514.14,789555.0
7/30/2020,340.34,336.34,382.34,305.34,97713.0
4/28/2021,883.3,888.3,973.3,853.3,555960.0
12/3/2021,311.74,303.74,342.74,227.74,285890.0
8/31/2021,371.74,376.74,454.74,299.74,594425.0
7/13/2021,907.81,912.81,975.81,835.81,639380.0
12/9/2021,867.95,869.95,952.95,831.95,377520.0
5/7/2020,671.24,674.24,713.24,653.24,196560.0
12/11/2021,474.35,465.35,475.35,421.35,238194.0
11/16/2020,417.46,409.46,429.46,377.46,190320.0
2/28/2021,673.59,663.59,700.59,629.59,76822.0
3/10/2020,358.99,355.99,414.99,262.99,182856.0
6/28/2020,52.14,58.14,148.14,0,435087.18
4/23/2020,251.06,250.06,329.06,171.06,730118.0
3/25/2021,435.57,438.57,520.57,426.57,320164.0
9/26/2021,132.38,124.38,206.38,129.38,180257.0
9/10/2020,153.35,162.35,172.35,105.35,158053.0
7/24/2020,857.97,859.97,863.97,802.97,302072.0
5/31/2020,259.64,267.64,276.64,224.64,195416.0
1/3/2021,439.95,433.95,481.95,373.95,301320.0
7/19/2021,964.83,957.83,1016.83,955.83,179706.0
11/12/2021,811.26,811.26,859.26,758.26,214524.0
11/18/2020,72.45,78.45,87.45,8.45,296329.0
10/11/2020,442.74,451.74,507.74,413.74,300330.0
11/26/2021,150.14,141.14,226.14,51.14,519575.0
3/3/2021,929.71,924.71,1000.71,898.71,478176.0
1/27/2020,727.24,725.24,781.24,630.24,235409.0
6/30/2021,95.43,99.43,113.43,82.43,48887.0
10/8/2021,712.05,721.05,760.05,655.05,398475.0
9/4/2020,708.06,699.06,751.06,643.06,291384.0
1/11/2021,513.32,523.32,574.32,509.32,198835.0
6/28/2021,486.1,477.1,494.1,398.1,382656.0
3/11/2020,684.24,681.24,754.24,669.24,117725.0
1/2/2021,648.02,638.02,741.02,552.02,627669.0
11/1/2020,127.71,117.71,207.71,48.71,725199.0
10/26/2021,622.04,618.04,676.04,578.04,394352.0
7/2/2021,492.23,483.23,568.23,422.23,149504.0
5/8/2020,360.93,359.93,372.93,312.93,75180.0
2/17/2021,214.77,221.77,220.77,156.77,130944.0
11/2/2020,458.75,464.75,473.75,363.75,539110.0
3/19/2021,832.34,825.34,863.34,777.34,227814.0
10/19/2020,387.21,391.21,423.21,365.21,275268.0
5/3/2021,249.63,241.63,335.63,198.63,405794.0
9/12/2020,633.53,635.53,679.53,554.53,258750.0
3/17/2020,174.86,167.86,188.86,167.86,101409.0
1/30/2021,269.47,262.47,355.47,218.47,180566.0
5/23/2021,37.0,35.0,46.0,0,62652.0
2/22/2021,557.31,559.31,579.31,489.31,257760.0
9/23/2021,964.51,964.51,1028.51,875.51,634185.0
10/19/2020,381.98,378.98,388.98,332.98,224168.0
8/29/2021,410.91,410.91,447.91,381.91,217800.0
12/9/2021,629.82,636.82,703.82,564.82,552108.0
10/21/2020,820.71,818.71,890.71,747.71,615329.0
5/14/2020,319.45,312.45,399.45,297.45,152184.0
6/18/2020,692.21,691.21,703.21,655.21,78000.0
7/20/2021,444.81,449.81,453.81,433.81,45840.0
10/8/2021,943.42,942.42,1000.42,908.42,159988.0
9/2/2020,746.17,753.17,772.17,710.17,189534.0
3/30/2020,509.79,508.79,578.79,425.79,686664.0
10/22/2020,838.05,840.05,891.05,776.05,530035.0
12/29/2021,918.74,912.74,943.74,902.74,121278.0
3/4/2020,61.48,65.48,151.48,0,302657.04
11/9/2020,748.71,741.71,768.71,741.71,82080.0
2/15/2020,807.93,809.93,814.93,727.93,366531.0
9/25/2021,300.41,290.41,389.41,298.41,307034.0
2/16/2021,83.74,81.74,113.74,27.74,183094.0
8/15/2020,545.91,541.91,570.91,525.91,222345.0
8/19/2021,941.89,934.89,1021.89,849.89,215344.0
10/8/2021,385.78,388.78,445.78,287.78,353920.0
1/10/2021,374.06,384.06,446.06,296.06,497700.0
7/14/2021,771.94,778.94,815.94,763.94,123916.0
5/13/2020,95.97,100.97,188.97,74.97,177384.0
1/30/2020,101.64,110.64,155.64,65.64,116910.0
7/15/2021,2.23,12.23,92.23,0,429330.65
3/13/2021,423.81,420.81,500.81,323.81,391347.0
11/9/2021,496.19,496.19,556.19,434.19,162992.0
6/7/2021,340.12,332.12,363.12,257.12,283550.0
9/28/2020,482.79,488.79,559.79,446.79,537428.0
9/21/2020,269.95,269.95,316.95,184.95,604296.0
7/9/2020,92.2,101.2,167.2,79.2,364848.0
1/10/2020,916.03,921.03,959.03,886.03,124611.0
4/30/2020,227.05,227.05,249.05,186.05,207774.0
3/19/2021,221.24,224.24,255.24,143.24,545216.0
11/22/2020,217.27,221.27,317.27,189.27,251136.0
1/21/2020,559.81,560.81,642.81,554.81,229240.0
3/17/2020,387.49,396.49,435.49,294.49,347142.0
3/11/2020,519.01,513.01,574.01,495.01,320740.0
11/9/2021,684.41,688.41,700.41,611.41,204878.0
7/7/2021,856.55,865.55,941.55,788.55,595935.0
10/19/2021,199.92,191.92,295.92,111.92,473616.0
11/19/2021,281.12,291.12,380.12,251.12,545283.0
4/19/2021,83.28,73.28,142.28,0,419583.72
8/12/2021,386.48,381.48,437.48,292.48,419195.0
3/13/2021,364.53,363.53,430.53,265.53,166320.0
3/26/2021,797.59,805.59,875.59,719.59,581724.0
6/18/2020,253.82,245.82,339.82,192.82,326634.0
4/15/2020,233.57,232.57,256.57,141.57,374325.0
11/1/2021,586.75,594.75,645.75,510.75,503010.0
1/22/2021,6.32,-2.68,79.32,0,118266.12
4/2/2021,426.03,428.03,511.03,363.03,574832.0
8/11/2020,682.87,685.87,762.87,624.87,456918.0
2/1/2021,103.9,109.9,162.9,44.9,206146.0
6/1/2021,727.64,722.64,778.64,659.64,123522.0
12/11/2021,694.44,686.44,723.44,613.44,460240.0
8/16/2021,254.2,244.2,348.2,204.2,474336.0
1/23/2020,878.07,875.07,896.07,779.07,511290.0
1/14/2021,193.01,198.01,245.01,93.01,218880.0
12/21/2021,47.64,54.64,104.64,45.64,227091.0
11/21/2021,759.88,765.88,803.88,695.88,534708.0
8/26/2021,389.13,382.13,469.13,307.13,662904.0
12/19/2020,202.31,198.31,209.31,166.31,84839.0
2/28/2021,54.31,52.31,71.31,36.31,132160.0
3/13/2020,175.15,174.15,246.15,140.15,152534.0
7/14/2021,393.06,392.06,482.06,369.06,271087.0
10/19/2020,272.9,277.9,326.9,266.9,172620.0
6/3/2020,151.01,160.01,235.01,69.01,498498.0
8/16/2021,542.99,551.99,604.99,509.99,311315.0
5/10/2021,480.41,473.41,576.41,420.41,650520.0
9/2/2020,752.61,744.61,793.61,667.61,489636.0
9/5/2021,546.92,543.92,604.92,534.92,223510.0
5/10/2021,248.49,253.49,331.49,164.49,824980.0
1/15/2020,995.79,988.79,1071.79,947.79,456196.0
12/15/2020,956.71,954.71,1042.71,949.71,340473.0
12/30/2021,834.59,828.59,876.59,761.59,444590.0
1/19/2020,904.76,894.76,913.76,840.76,230023.0
8/30/2020,581.54,581.54,594.54,568.54,127504.0
5/8/2021,646.65,637.65,699.65,549.65,213900.0
8/17/2020,568.32,566.32,592.32,505.32,137199.0
6/14/2020,430.28,420.28,530.28,402.28,588160.0
4/5/2020,266.4,263.4,337.4,232.4,420315.0
11/12/2021,129.71,133.71,214.71,64.71,583050.0
3/21/2020,712.8,716.8,789.8,639.8,199650.0
7/12/2021,309.73,299.73,347.73,243.73,242840.0
4/11/2021,677.24,680.24,740.24,608.24,646272.0
9/21/2020,514.29,510.29,586.29,464.29,580720.0
3/15/2021,818.92,817.92,905.92,812.92,361026.0
12/26/2021,473.28,465.28,560.28,406.28,362362.0
9/25/2020,545.41,552.41,547.41,473.41,307248.0
12/14/2020,828.26,833.26,863.26,806.26,197220.0
9/22/2020,353.89,345.89,421.89,284.89,268520.0
12/13/2021,113.08,123.08,146.08,29.08,407979.0
11/29/2020,653.99,660.99,739.99,642.99,348133.0
7/11/2020,415.24,411.24,478.24,350.24,186624.0
4/26/2020,460.0,465.0,469.0,409.0,149520.0
3/3/2021,289.52,289.52,319.52,276.52,67897.0
12/27/2020,984.93,988.93,1068.93,938.93,421460.0
6/30/2020,5.67,0.67,14.67,0,27300.87
2/16/2021,532.71,531.71,578.71,474.71,183560.0
8/14/2021,205.73,198.73,248.73,126.73,210694.0
8/25/2021,837.51,846.51,840.51,793.51,60113.0
2/2/2021,11.89,5.89,68.89,0,211767.86
8/1/2021,32.36,24.36,114.36,0,300881.16
8/16/2020,71.93,63.93,106.93,50.93,202440.0
4/13/2021,200.54,195.54,239.54,177.54,206584.0
5/30/2021,544.47,553.47,553.47,453.47,334400.0
3/31/2021,740.38,741.38,799.38,655.38,504720.0
5/23/2021,304.08,309.08,369.08,241.08,250112.0
2/19/2021,575.8,578.8,657.8,522.8,393930.0
3/12/2020,209.44,203.44,237.44,203.44,49436.0
10/14/2021,973.15,964.15,1023.15,962.15,119682.0
1/16/2020,276.27,280.27,330.27,266.27,139008.0
6/16/2020,432.19,440.19,490.19,369.19,360701.0
9/11/2020,889.55,898.55,893.55,880.55,24154.0
4/7/2020,916.18,917.18,930.18,861.18,246399.0
10/11/2021,100.14,105.14,135.14,98.14,108262.0
11/5/2021,424.37,421.37,463.37,418.37,164880.0
4/10/2020,801.8,810.8,861.8,761.8,281400.0
5/3/2021,501.27,498.27,503.27,500.27,11847.0
12/13/2020,943.29,936.29,944.29,891.29,227529.0
7/26/2021,915.27,907.27,935.27,834.27,268155.0
3/4/2020,48.69,43.69,57.69,11.69,169234.0
3/9/2020,597.76,604.76,657.76,502.76,626975.0
9/3/2021,514.62,521.62,582.62,471.62,221223.0
12/19/2020,956.46,952.46,989.46,861.46,235648.0
11/10/2020,454.45,456.45,482.45,380.45,290904.0
2/8/2020,64.14,67.14,151.14,40.14,349539.0
4/1/2020,818.48,817.48,859.48,814.48,53910.0
5/27/2021,227.06,223.06,300.06,174.06,448308.0
6/18/2020,937.56,931.56,991.56,895.56,297312.0
9/29/2021,983.46,984.46,1037.46,963.46,190994.0
3/7/2021,366.99,368.99,375.99,284.99,259714.0
8/19/2021,328.99,334.99,381.99,230.99,312117.0
2/4/2020,208.39,209.39,293.39,127.39,360718.0
10/21/2021,566.17,559.17,604.17,550.17,244458.0
9/23/2021,857.07,853.07,876.07,826.07,206700.0
9/16/2020,225.68,228.68,270.68,195.68,364800.0
5/17/2020,640.74,649.74,735.74,639.74,384192.0
7/27/2020,75.1,71.1,133.1,61.1,80136.0
1/18/2021,306.22,310.22,312.22,233.22,79237.0
1/31/2021,639.29,647.29,722.29,585.29,562796.0
5/18/2021,45.12,38.12,139.12,19.12,583920.0
1/3/2021,907.91,912.91,944.91,825.91,463981.0
5/30/2021,251.96,249.96,259.96,216.96,46913.0
1/19/2021,419.52,428.52,469.52,400.52,281796.0
9/3/2021,935.8,940.8,961.8,899.8,243908.0
8/31/2020,494.55,492.55,516.55,484.55,93856.0
1/8/2020,353.74,343.74,369.74,292.74,286902.0
4/1/2021,481.27,477.27,549.27,399.27,195750.0
1/31/2021,277.72,267.72,338.72,199.72,304688.0
8/29/2021,763.89,768.89,801.89,723.89,386022.0
10/9/2020,247.54,248.54,325.54,163.54,779382.0
1/13/2021,343.09,334.09,365.09,280.09,345865.0
2/16/2020,93.49,103.49,183.49,3.49,240480.0
4/13/2020,367.53,358.53,373.53,294.53,173010.0
8/18/2020,446.83,439.83,525.83,420.83,283500.0
5/4/2020,669.41,675.41,759.41,617.41,604210.0
8/2/2021,239.54,230.54,281.54,179.54,181254.0
7/11/2020,677.37,679.37,731.37,577.37,679140.0
5/29/2020,976.3,976.3,1050.3,914.3,281656.0
4/19/2020,577.57,569.57,599.57,527.57,289944.0
5/30/2020,839.3,846.3,866.3,805.3,285907.0
5/2/2020,663.33,656.33,706.33,578.33,516864.0
4/19/2020,390.58,384.58,487.58,309.58,435210.0
5/21/2021,381.84,391.84,419.84,348.84,178139.0
8/4/2020,762.09,771.09,852.09,753.09,340956.0
10/12/2021,579.03,570.03,588.03,563.03,64125.0
10/12/2020,886.78,891.78,931.78,840.78,360451.0
1/31/2021,469.02,477.02,478.02,378.02,232600.0
6/4/2021,819.42,815.42,882.42,744.42,606234.0
4/23/2021,151.9,148.9,172.9,81.9,400218.0
1/15/2021,572.7,582.7,636.7,477.7,254559.0
5/19/2020,546.88,536.88,563.88,452.88,476412.0
1/17/2020,420.49,428.49,483.49,402.49,323433.0
12/3/2021,780.78,777.78,799.78,720.78,116051.0
12/20/2020,753.76,752.76,827.76,710.76,557856.0
2/13/2020,457.09,464.09,501.09,397.09,338416.0
2/8/2021,238.6,248.6,295.6,210.6,253895.0
6/21/2020,986.7,988.7,1039.7,961.7,82134.0
7/8/2021,869.41,862.41,934.41,786.41,180264.0
4/2/2020,252.88,253.88,352.88,213.88,303576.0
9/23/2020,121.23,118.23,208.23,112.23,123840.0
5/22/2021,846.28,848.28,856.28,828.28,139076.0
8/30/2021,8.86,-0.14,47.86,0,183925.98
2/28/2021,211.45,205.45,307.45,157.45,391500.0
11/1/2020,585.17,594.17,640.17,565.17,220875.0
4/16/2020,224.96,225.96,291.96,145.96,555238.0
9/14/2021,378.14,380.14,416.14,369.14,111766.0
9/14/2020,457.67,449.67,512.67,431.67,189540.0
11/23/2021,616.71,621.71,638.71,613.71,50850.0
5/18/2021,183.34,177.34,228.34,91.34,292358.0
3/21/2020,766.34,759.34,779.34,763.34,26368.0
12/12/2020,895.37,893.37,983.37,847.37,168640.0
10/10/2021,470.51,474.51,490.51,386.51,408616.0
7/11/2020,979.03,969.03,1076.03,975.03,180285.0
6/4/2020,8.43,-1.57,80.43,0,297188.85
7/11/2021,422.06,413.06,457.06,365.06,365884.0
1/15/2020,168.48,170.48,261.48,149.48,159600.0
1/25/2020,10.66,6.66,73.66,0,350400.62
9/1/2021,512.22,516.22,522.22,423.22,222849.0
5/29/2021,153.27,144.27,248.27,68.27,777780.0
11/22/2020,88.11,80.11,177.11,16.11,658168.0
11/12/2020,686.13,680.13,756.13,614.13,311406.0
4/24/2020,656.79,662.79,744.79,575.79,500916.0
11/12/2020,576.25,575.25,615.25,515.25,407800.0
10/23/2020,965.8,965.8,1026.8,935.8,155064.0
5/25/2021,13.93,10.93,79.93,0,138119.04
10/1/2020,835.4,832.4,891.4,824.4,222574.0
9/16/2021,975.32,980.32,1032.32,902.32,212940.0
12/15/2021,210.0,205.0,220.0,193.0,71739.0
6/8/2021,16.8,22.8,79.8,0,362930.4
6/1/2021,902.45,907.45,904.45,824.45,343200.0
2/1/2021,809.02,812.02,895.02,771.02,128216.0
4/1/2021,295.71,291.71,338.71,217.71,410311.0
7/21/2020,406.22,409.22,492.22,358.22,626316.0
1/6/2020,261.13,263.13,355.13,192.13,317687.0
6/3/2020,885.27,881.27,943.27,808.27,196830.0
7/7/2020,137.35,135.35,148.35,128.35,90440.0
1/21/2020,795.79,795.79,822.79,775.79,202194.0
8/3/2021,591.21,591.21,663.21,590.21,137240.0
5/19/2020,251.94,261.94,316.94,186.94,417560.0
6/9/2021,521.22,518.22,528.22,496.22,62464.0
11/4/2021,703.36,694.36,738.36,647.36,248703.0
1/15/2020,113.99,107.99,115.99,99.99,68368.0
6/14/2021,873.35,872.35,925.35,796.35,617394.0
1/13/2021,351.79,345.79,403.79,277.79,322056.0
1/12/2020,539.11,545.11,551.11,524.11,86103.0
8/21/2020,620.56,618.56,629.56,546.56,389021.0
11/10/2021,74.13,73.13,130.13,0,264163.9
3/12/2021,347.2,346.2,367.2,332.2,121100.0
10/24/2021,226.38,234.38,255.38,145.38,240570.0
7/21/2020,276.36,273.36,294.36,253.36,132881.0
11/29/2020,209.34,206.34,226.34,124.34,487152.0
12/7/2021,603.71,593.71,616.71,598.71,22464.0
10/2/2021,979.51,989.51,1006.51,940.51,115698.0
8/5/2021,681.02,686.02,683.02,594.02,120417.0
3/11/2020,202.54,207.54,230.54,120.54,143770.0
12/3/2021,99.33,91.33,138.33,93.33,187560.0
1/25/2021,814.27,819.27,888.27,745.27,391391.0
6/25/2020,619.59,622.59,652.59,601.59,174420.0
12/5/2021,419.98,424.98,446.98,391.98,151910.0
8/1/2021,7.07,12.07,60.07,0,102119.0
6/18/2020,967.05,958.05,1065.05,948.05,161109.0
3/4/2021,650.7,659.7,731.7,641.7,119970.0
9/26/2021,937.41,927.41,995.41,898.41,463078.0
1/19/2020,492.33,494.33,556.33,462.33,332572.0
9/6/2020,847.38,855.38,850.38,752.38,157388.0
6/6/2020,686.14,694.14,698.14,605.14,119877.0
6/30/2020,95.32,101.32,194.32,5.32,649404.0
8/5/2021,742.46,746.46,822.46,690.46,254892.0
5/4/2020,438.15,448.15,453.15,358.15,141930.0
6/5/2020,253.17,251.17,278.17,238.17,84160.0
6/17/2020,877.94,872.94,954.94,815.94,213087.0
5/20/2021,1.09,-0.91,80.09,0,107721.05
2/13/2021,693.9,685.9,758.9,644.9,132810.0
12/24/2020,980.75,981.75,1000.75,881.75,561323.0
2/22/2021,784.32,780.32,822.32,700.32,386374.0
6/5/2020,593.5,583.5,659.5,512.5,196833.0
2/15/2020,929.28,927.28,975.28,913.28,115568.0
2/11/2021,454.81,458.81,535.81,444.81,316862.0
9/7/2020,372.86,375.86,393.86,321.86,96480.0
3/8/2020,872.87,867.87,923.87,786.87,153029.0
6/2/2020,830.04,821.04,893.04,780.04,542626.0
1/21/2021,502.32,503.32,552.32,410.32,356846.0
1/2/2021,821.23,829.23,892.23,818.23,299626.0
10/10/2020,217.04,221.04,288.04,187.04,144026.0
7/31/2021,376.39,383.39,421.39,282.39,253397.0
9/8/2020,918.8,921.8,962.8,859.8,372860.0
5/13/2020,123.21,115.21,126.21,120.21,27090.0
12/11/2021,506.89,503.89,550.89,442.89,111024.0
7/2/2020,471.85,476.85,556.85,448.85,502200.0
6/10/2021,910.78,913.78,948.78,855.78,133548.0
7/26/2021,944.71,946.71,1009.71,907.71,496332.0
3/7/2020,887.3,892.3,903.3,830.3,317039.0
8/30/2020,477.9,484.9,490.9,459.9,36766.0
11/6/2021,683.64,679.64,763.64,593.64,811580.0
5/12/2021,876.31,867.31,890.31,836.31,219672.0
4/17/2021,476.8,472.8,516.8,458.8,245978.0
12/28/2020,503.36,496.36,569.36,495.36,162504.0
3/2/2020,671.27,677.27,744.27,625.27,548947.0
8/9/2021,633.07,641.07,653.07,540.07,554378.0
7/17/2020,536.32,532.32,622.32,478.32,696240.0
10/28/2021,338.75,340.75,409.75,267.75,364514.0
10/13/2021,949.85,941.85,1030.85,889.85,565692.0
8/19/2021,899.16,895.16,959.16,891.16,292468.0
9/11/2021,225.47,223.47,320.47,132.47,653300.0
1/4/2021,617.57,614.57,707.57,550.57,283542.0
10/25/2021,241.21,242.21,340.21,148.21,940992.0
4/25/2020,694.28,685.28,736.28,630.28,480816.0
4/14/2021,744.62,752.62,803.62,715.62,205216.0
12/18/2020,575.68,582.68,667.68,488.68,677694.0
1/4/2021,299.76,308.76,351.76,210.76,548772.0
11/26/2021,560.08,555.08,563.08,546.08,66810.0
8/11/2020,641.63,633.63,656.63,635.63,92379.0
7/20/2020,351.02,349.02,431.02,260.02,245214.0
6/29/2021,704.15,696.15,729.15,639.15,436590.0
1/10/2020,449.23,444.23,457.23,372.23,227290.0
3/6/2020,641.44,634.44,693.44,637.44,241136.0
11/1/2020,102.98,108.98,158.98,63.98,373635.0
6/3/2021,842.63,844.63,865.63,743.63,187148.0
1/6/2020,675.14,679.14,682.14,635.14,176203.0
9/11/2020,667.26,667.26,729.26,573.26,172068.0
11/10/2021,882.67,877.67,933.67,874.67,210630.0
5/11/2021,754.07,756.07,834.07,681.07,529074.0
4/29/2020,804.76,806.76,874.76,720.76,759374.0
12/26/2020,929.27,927.27,952.27,838.27,310422.0
11/28/2020,274.18,284.18,293.18,206.18,370968.0
1/10/2021,923.49,920.49,955.49,847.49,228852.0
8/22/2020,609.75,618.75,624.75,511.75,251877.0
5/25/2020,102.31,92.31,185.31,82.31,325686.0
7/29/2021,269.89,276.89,310.89,202.89,421956.0
10/25/2020,206.28,207.28,256.28,166.28,189900.0
5/28/2020,915.57,923.57,962.57,877.57,321725.0
11/26/2020,107.14,110.14,131.14,58.14,198122.0
5/8/2020,69.45,65.45,117.45,59.45,71630.0
1/16/2020,553.5,555.5,610.5,494.5,259492.0
5/12/2020,674.85,667.85,750.85,603.85,572712.0
9/18/2020,54.01,57.01,95.01,31.01,73024.0
12/15/2021,439.17,430.17,457.17,416.17,162032.0
9/4/2020,552.42,549.42,649.42,496.42,247707.0
4/23/2020,210.97,208.97,275.97,152.97,586464.0
10/23/2021,274.49,282.49,289.49,272.49,45475.0
8/23/2021,3.0,6.0,19.0,0,89547.0
11/8/2020,753.83,755.83,835.83,715.83,339960.0
1/13/2021,252.39,253.39,258.39,228.39,144720.0
3/7/2021,868.41,862.41,886.41,807.41,198685.0
4/4/2020,301.52,302.52,346.52,286.52,159420.0
11/30/2021,672.97,678.97,727.97,599.97,600064.0
5/26/2020,308.68,298.68,326.68,304.68,94116.0
2/27/2021,924.04,926.04,1008.04,852.04,504660.0
1/10/2020,546.6,549.6,563.6,494.6,93564.0
10/9/2021,718.98,721.98,722.98,699.98,76774.0
5/15/2020,161.74,169.74,174.74,115.74,79178.0
3/13/2021,36.22,32.22,102.22,0,483602.82
7/29/2020,337.94,338.94,372.94,248.94,387500.0
8/4/2021,819.34,820.34,881.34,724.34,331741.0
1/6/2020,990.68,997.68,1078.68,938.68,653660.0
7/8/2021,281.29,279.29,304.29,225.29,289298.0
5/3/2020,83.9,73.9,157.9,38.9,571081.0
7/30/2021,612.47,614.47,664.47,513.47,436541.0
7/8/2020,248.26,243.26,250.26,160.26,420570.0
10/4/2021,103.59,111.59,158.59,3.59,298065.0
12/20/2021,839.54,845.54,867.54,833.54,79832.0
10/3/2020,718.33,727.33,725.33,630.33,115900.0
6/23/2020,655.02,645.02,727.02,612.02,359490.0
6/20/2021,656.5,656.5,688.5,627.5,226310.0
3/20/2021,862.9,852.9,904.9,843.9,123098.0
5/17/2020,390.75,386.75,466.75,325.75,511689.0
7/3/2020,986.03,980.03,1022.03,965.03,62472.0
2/14/2020,160.33,151.33,179.33,72.33,109354.0
5/10/2021,795.92,802.92,857.92,763.92,311328.0
12/11/2021,70.82,73.82,71.82,24.82,219443.0
11/13/2021,154.29,149.29,162.29,79.29,180774.0
8/15/2020,793.79,803.79,892.79,719.79,315379.0
1/20/2020,235.26,230.26,242.26,149.26,394134.0
8/7/2020,820.25,811.25,860.25,803.25,102714.0
3/29/2020,646.73,655.73,650.73,546.73,107952.0
8/13/2021,440.72,431.72,473.72,434.72,90597.0
1/24/2021,364.23,358.23,422.23,269.23,239751.0
6/25/2021,274.96,282.96,347.96,244.96,385941.0
5/31/2021,497.07,505.07,543.07,460.07,113710.0
5/30/2020,946.21,950.21,977.21,887.21,239130.0
5/8/2020,714.49,719.49,731.49,651.49,363760.0
4/2/2021,686.02,692.02,753.02,642.02,530580.0
7/20/2020,84.42,94.42,125.42,54.42,271149.0
3/15/2020,745.23,748.23,784.23,701.23,180442.0
3/10/2021,151.97,160.97,196.97,103.97,454305.0
3/29/2021,737.8,739.8,741.8,717.8,116808.0
2/15/2021,649.3,651.3,670.3,646.3,65952.0
7/10/2020,950.46,948.46,1003.46,946.46,144495.0
1/26/2020,111.01,101.01,122.01,55.01,278586.0
3/26/2021,386.41,381.41,474.41,375.41,287001.0
8/27/2020,163.29,170.29,185.29,146.29,78195.0
5/12/2021,249.77,250.77,254.77,207.77,226446.0
4/25/2021,450.38,449.38,486.38,390.38,443232.0
6/22/2021,40.79,42.79,139.79,0,446629.05
3/27/2021,264.91,266.91,317.91,183.91,155574.0
8/14/2021,90.23,100.23,112.23,60.23,121784.0
3/18/2020,274.18,276.18,335.18,213.18,307684.0
10/27/2021,885.99,876.99,909.99,851.99,161762.0
8/21/2020,681.62,675.62,694.62,647.62,221370.0
7/31/2020,379.74,371.74,415.74,367.74,183264.0
7/12/2020,95.4,87.4,127.4,17.4,408430.0
5/11/2021,214.92,222.92,285.92,155.92,635960.0
12/9/2021,702.85,705.85,739.85,604.85,390285.0
12/27/2021,406.09,406.09,436.09,342.09,422342.0
6/27/2020,346.94,356.94,423.94,288.94,276345.0
6/24/2021,384.05,375.05,439.05,286.05,535806.0
10/5/2020,479.89,479.89,493.89,415.89,216918.0
11/8/2021,275.75,276.75,301.75,189.75,413728.0
9/14/2021,242.26,239.26,276.26,236.26,152120.0
2/8/2021,118.47,109.47,125.47,80.47,72945.0
11/6/2020,725.26,717.26,822.26,708.26,351918.0
5/22/2021,117.3,119.3,157.3,45.3,331632.0
7/29/2020,842.69,833.69,933.69,824.69,345966.0
3/6/2020,966.6,959.6,1052.6,896.6,173784.0
8/19/2021,129.79,122.79,191.79,29.79,530388.0
5/2/2020,181.86,175.86,252.86,167.86,317815.0
11/14/2020,819.0,825.0,882.0,759.0,459897.0
12/23/2020,925.43,934.43,953.43,887.43,78738.0
11/14/2021,694.81,700.81,787.81,655.81,151668.0
12/30/2021,864.87,870.87,933.87,799.87,599382.0
11/13/2021,991.08,997.08,1088.08,964.08,413912.0
5/25/2020,66.34,60.34,162.34,46.34,469336.0
5/31/2021,318.4,311.4,391.4,285.4,270724.0
4/23/2021,953.44,947.44,981.44,905.44,353704.0
3/15/2021,712.73,706.73,714.73,703.73,23892.0
5/3/2020,63.11,56.11,150.11,0,289562.19
9/23/2021,781.27,785.27,800.27,691.27,170912.0
5/25/2021,109.22,107.22,187.22,23.22,724224.0
4/23/2020,771.62,781.62,822.62,755.62,117317.0
9/5/2020,413.35,404.35,498.35,387.35,448884.0
11/25/2021,742.17,733.17,800.17,674.17,249228.0
12/9/2020,460.27,454.27,534.27,390.27,514656.0
4/11/2021,260.05,269.05,339.05,204.05,427410.0
9/3/2021,767.3,773.3,790.3,704.3,394826.0
3/28/2021,136.69,127.69,208.69,124.69,203112.0
12/9/2020,789.84,780.84,878.84,703.84,305025.0
8/13/2020,548.8,558.8,628.8,521.8,334268.0
3/8/2021,602.55,612.55,698.55,518.55,715680.0
10/26/2021,993.05,1002.05,1021.05,963.05,286752.0
5/11/2020,447.92,457.92,459.92,423.92,57276.0
12/8/2021,988.46,994.46,1006.46,968.46,182970.0
2/1/2020,344.48,343.48,388.48,273.48,570285.0
9/13/2020,6.93,16.93,47.93,0,130321.67
12/2/2021,127.33,125.33,166.33,103.33,129087.0
12/21/2021,71.76,79.76,73.76,54.76,86564.0
10/1/2021,967.45,960.45,1003.45,893.45,403590.0
2/22/2021,413.82,413.82,499.82,399.82,183900.0
1/16/2020,9.65,3.65,60.65,0,301794.4
3/27/2021,761.94,765.94,780.94,724.94,229712.0
5/20/2021,741.99,736.99,827.99,641.99,824166.0
8/24/2021,939.91,946.91,1015.91,911.91,359216.0
2/23/2020,631.26,639.26,714.26,611.26,281190.0
7/5/2021,564.03,566.03,630.03,561.03,207207.0
7/12/2021,602.71,592.71,651.71,527.71,431272.0
11/12/2020,665.58,661.58,751.58,634.58,518895.0
7/3/2021,220.89,224.89,282.89,142.89,335020.0
7/20/2020,391.03,394.03,464.03,376.03,438768.0
3/16/2020,612.8,621.8,678.8,550.8,556544.0
12/11/2021,668.89,672.89,737.89,597.89,194180.0
9/13/2021,569.82,573.82,588.82,545.82,140481.0
5/16/2020,721.19,721.19,729.19,681.19,97680.0
6/11/2021,386.43,382.43,411.43,384.43,90585.0
11/17/2021,654.15,661.15,746.15,643.15,385014.0
3/16/2020,554.11,559.11,567.11,502.11,201500.0
2/6/2020,120.21,128.21,201.21,53.21,263736.0
2/4/2021,496.4,488.4,517.4,415.4,141780.0
9/29/2020,675.03,676.03,735.03,648.03,308154.0
7/14/2020,936.78,939.78,1000.78,842.78,393578.0
12/30/2020,84.56,88.56,162.56,9.56,680850.0
7/17/2021,831.05,824.05,876.05,767.05,392618.0
4/27/2021,389.19,395.19,406.19,304.19,227562.0
6/12/2021,607.89,609.89,685.89,529.89,718536.0
1/19/2020,853.15,859.15,861.15,808.15,172462.0
12/19/2021,658.16,661.16,742.16,636.16,242528.0
5/25/2020,909.63,912.63,956.63,821.63,150795.0
12/5/2021,603.26,609.26,651.26,528.26,441570.0
2/8/2021,904.93,894.93,965.93,860.93,486150.0
9/2/2020,292.09,286.09,314.09,201.09,449288.0
7/20/2020,249.1,257.1,302.1,203.1,338085.0
7/7/2020,361.31,360.31,456.31,313.31,637494.0
1/2/2021,820.92,815.92,892.92,778.92,359784.0
2/24/2021,579.49,574.49,660.49,484.49,641344.0
4/19/2021,881.79,887.79,943.79,876.79,215807.0
11/3/2021,814.55,804.55,860.55,766.55,123798.0
1/23/2021,622.44,631.44,626.44,617.44,12834.0
5/30/2021,882.0,872.0,969.0,805.0,347188.0
8/9/2020,5.11,9.11,8.11,0,11637.85
4/24/2020,967.5,970.5,1000.5,960.5,191720.0
7/28/2021,316.77,324.77,388.77,248.77,273140.0
10/26/2021,99.9,94.9,160.9,19.9,481233.0
9/2/2020,467.01,469.01,512.01,457.01,78705.0
10/26/2021,926.27,922.27,984.27,843.27,558924.0
11/14/2021,189.49,193.49,284.49,128.49,755664.0
8/26/2021,729.22,719.22,803.22,703.22,356100.0
2/6/2021,847.93,848.93,888.93,838.93,196150.0
9/3/2021,752.04,754.04,767.04,743.04,94800.0
1/1/2021,448.97,455.97,538.97,367.97,347301.0
12/2/2020,676.78,674.78,704.78,661.78,134805.0
11/28/2020,839.35,829.35,913.35,811.35,184008.0
6/8/2020,368.55,370.55,416.55,363.55,197584.0
4/2/2021,512.44,514.44,561.44,459.44,306408.0
11/23/2021,691.6,692.6,701.6,606.6,388455.0
5/8/2021,468.56,474.56,566.56,436.56,352170.0
4/4/2020,248.12,252.12,262.12,162.12,412900.0
2/15/2020,968.21,965.21,987.21,912.21,135150.0
10/30/2021,663.71,672.71,672.71,615.71,145977.0
12/11/2020,476.54,468.54,530.54,453.54,161315.0
